DATE,CPIAUCSL,PPIACO,PCE,FEDFUNDS,UNRATE,GDP,M2SL,UMCSENT,Overall Wage Growth,INFLRATE
1959-01-01,29.01,31.7,306.1,4.0,6.0,510.33,286.6,92.3,3.918944099378882,2.88
1959-02-01,29.0,31.7,309.6,4.0,5.9,514.437666666666,287.7,93.05,3.918944099378882,2.31
1959-03-01,28.97,31.7,312.7,4.0,5.6,518.545333333333,289.2,93.8,3.918944099378882,2.65
1959-04-01,28.98,31.8,312.2,4.0,5.2,522.653,290.1,94.55,3.918944099378882,2.78
1959-05-01,29.04,31.8,316.1,4.0,5.1,523.446666666666,292.2,95.3,3.918944099378882,2.31
1959-06-01,29.11,31.7,318.2,4.0,5.0,524.240333333333,294.1,95.05,3.918944099378882,3.15
1959-07-01,29.15,31.7,317.8,4.0,5.1,525.034,295.2,94.8,3.918944099378882,
1959-08-01,29.18,31.6,320.2,4.0,5.2,526.222666666666,296.4,94.55,3.918944099378882,
1959-09-01,29.25,31.7,324.2,4.0,5.5,527.411333333333,296.7,94.3,3.918944099378882,
1959-10-01,29.35,31.6,322.8,4.0,5.7,528.6,296.5,94.05,3.918944099378882,
1959-11-01,29.35,31.5,322.9,4.0,5.8,533.282666666666,297.1,93.8,3.918944099378882,
1959-12-01,29.41,31.5,322.9,4.0,5.3,537.965333333333,297.8,95.8666666666666,3.918944099378882,
1960-01-01,29.37,31.6,323.6,4.0,5.2,542.648,298.2,97.9333333333333,3.918944099378882,
1960-02-01,29.41,31.6,325.3,4.0,4.8,542.125333333333,298.4,100.0,3.918944099378882,
1960-03-01,29.41,31.8,330.2,4.0,5.4,541.602666666666,299.3,97.7666666666666,3.918944099378882,
1960-04-01,29.54,31.8,336.5,4.0,5.2,541.08,300.1,95.5333333333333,3.918944099378882,
1960-05-01,29.57,31.7,330.0,4.0,5.1,542.588,300.9,93.3,3.918944099378882,
1960-06-01,29.61,31.7,330.1,4.0,5.4,544.096,302.3,94.6,3.918944099378882,
1960-07-01,29.55,31.7,331.4,4.0,5.5,545.604,304.1,95.9,3.918944099378882,
1960-08-01,29.61,31.6,331.6,4.0,5.6,543.801666666666,306.9,97.2,3.918944099378882,
1960-09-01,29.61,31.6,333.4,4.0,5.5,541.999333333333,308.4,94.8333333333333,3.918944099378882,
1960-10-01,29.75,31.7,335.4,4.0,6.1,540.197,309.5,92.4666666666666,3.918944099378882,
1960-11-01,29.78,31.7,335.4,4.0,6.1,541.804,310.9,90.1,3.918944099378882,
1960-12-01,29.81,31.7,331.3,4.0,6.6,543.411,312.4,90.6,3.918944099378882,
1961-01-01,29.84,31.8,332.2,4.0,6.6,545.018,314.1,91.1,3.918944099378882,
1961-02-01,29.84,31.8,333.7,4.0,6.9,548.527,316.5,91.6,3.918944099378882,
1961-03-01,29.84,31.8,337.7,4.0,6.9,552.036,318.3,91.8999999999999,3.918944099378882,
1961-04-01,29.81,31.6,337.6,4.0,7.0,555.545,319.9,92.2,3.918944099378882,
1961-05-01,29.84,31.5,339.9,4.0,7.1,559.584666666666,322.2,92.5,3.918944099378882,
1961-06-01,29.84,31.3,340.9,4.0,6.9,563.624333333333,324.3,94.7333333333333,3.918944099378882,
1961-07-01,29.92,31.5,340.6,4.0,7.0,567.664,325.6,96.9666666666666,3.918944099378882,
1961-08-01,29.94,31.5,342.1,4.0,6.6,571.98,327.6,99.2,3.918944099378882,
1961-09-01,29.98,31.5,344.4,4.0,6.7,576.295999999999,329.5,97.1333333333333,3.918944099378882,
1961-10-01,29.98,31.5,346.5,4.0,6.5,580.612,331.1,95.0666666666666,3.918944099378882,
1961-11-01,29.98,31.5,349.9,4.0,6.1,585.079,333.4,93.0,3.918944099378882,
1961-12-01,30.01,31.6,352.4,4.0,6.0,589.546,335.5,95.3,3.918944099378882,
1962-01-01,30.04,31.7,353.2,4.0,5.8,594.013,337.5,97.6,3.918944099378882,
1962-02-01,30.11,31.7,354.0,4.0,5.5,596.130666666666,340.1,99.9,3.918944099378882,
1962-03-01,30.17,31.7,357.4,4.0,5.6,598.248333333333,343.1,98.4,3.918944099378882,
1962-04-01,30.21,31.6,359.0,4.0,5.6,600.366,345.5,96.9,3.918944099378882,
1962-05-01,30.24,31.5,362.0,4.0,5.5,603.253,347.5,95.4,3.918944099378882,
1962-06-01,30.21,31.5,360.4,4.0,5.5,606.14,349.3,94.1333333333333,3.918944099378882,
1962-07-01,30.22,31.6,361.4,4.0,5.4,609.027,350.8,92.8666666666666,3.918944099378882,
1962-08-01,30.28,31.6,362.9,4.0,5.7,610.111333333333,352.8,91.6,3.918944099378882,
1962-09-01,30.42,31.9,368.8,4.0,5.6,611.195666666666,354.9,92.7333333333333,3.918944099378882,
1962-10-01,30.38,31.7,366.5,4.0,5.4,612.28,357.2,93.8666666666666,3.918944099378882,
1962-11-01,30.38,31.7,371.7,4.0,5.7,615.410666666666,359.8,95.0,3.918944099378882,
1962-12-01,30.38,31.6,373.6,4.0,5.5,618.541333333333,362.7,96.1333333333333,3.918944099378882,
1963-01-01,30.44,31.6,374.4,4.0,5.7,621.672,365.2,97.2666666666666,3.918944099378882,
1963-02-01,30.48,31.5,373.4,4.0,5.9,624.365333333333,367.9,98.4,3.918944099378882,
1963-03-01,30.51,31.5,375.0,4.0,5.7,627.058666666666,370.7,96.1666666666666,3.918944099378882,
1963-04-01,30.48,31.4,376.4,4.0,5.7,629.752,373.3,93.9333333333333,3.918944099378882,
1963-05-01,30.51,31.5,377.2,4.0,5.9,634.649333333333,376.1,91.7,3.918944099378882,
1963-06-01,30.61,31.6,381.7,4.0,5.6,639.546666666666,378.4,93.2666666666666,3.918944099378882,
1963-07-01,30.69,31.7,384.4,4.0,5.6,644.444,381.1,94.8333333333333,3.918944099378882,
1963-08-01,30.75,31.6,386.3,4.0,5.4,647.608666666666,383.6,96.4,3.918944099378882,
1963-09-01,30.72,31.6,385.5,4.0,5.5,650.773333333333,386.0,95.7333333333333,3.918944099378882,
1963-10-01,30.75,31.6,386.0,4.0,5.5,653.938,388.3,95.0666666666666,3.918944099378882,
1963-11-01,30.78,31.7,389.4,4.0,5.7,659.232666666666,391.5,94.4,3.918944099378882,
1963-12-01,30.88,31.6,394.7,4.0,5.5,664.527333333333,393.2,96.1,3.918944099378882,
1964-01-01,30.94,31.8,396.8,4.0,5.6,669.822,395.2,97.8,3.918944099378882,
1964-02-01,30.91,31.6,400.2,4.0,5.4,672.772666666666,397.6,99.5,3.918944099378882,
1964-03-01,30.94,31.6,401.8,4.0,5.4,675.723333333333,399.8,99.1666666666666,3.918944099378882,
1964-04-01,30.95,31.6,402.8,4.0,5.3,678.674,401.7,98.8333333333333,3.918944099378882,
1964-05-01,30.98,31.5,408.4,4.0,5.1,683.126333333333,404.2,98.5,3.918944099378882,
1964-06-01,31.01,31.5,411.4,4.0,5.2,687.578666666666,407.1,99.2,3.918944099378882,
1964-07-01,31.02,31.6,414.9,4.0,4.9,692.031,410.1,99.8999999999999,3.918944099378882,
1964-08-01,31.05,31.6,417.7,4.0,5.0,693.793666666666,413.4,100.6,3.918944099378882,
1964-09-01,31.08,31.7,416.6,4.0,5.1,695.556333333333,416.9,100.366666666666,3.918944099378882,
1964-10-01,31.12,31.7,419.6,4.0,5.1,697.319,419.1,100.133333333333,3.918944099378882,
1964-11-01,31.21,31.7,416.4,4.0,4.8,704.142666666666,422.0,99.9,3.918944099378882,
1964-12-01,31.25,31.7,421.0,4.0,5.0,710.966333333333,424.7,100.6,3.918944099378882,
1965-01-01,31.28,31.8,424.4,4.0,4.9,717.79,427.5,101.3,3.918944099378882,
1965-02-01,31.28,31.9,431.4,4.0,5.1,721.923666666666,430.4,102.0,3.918944099378882,
1965-03-01,31.31,31.9,433.3,4.0,4.7,726.057333333333,433.2,103.133333333333,3.918944099378882,
1965-04-01,31.38,32.0,437.1,4.0,4.8,730.191,435.4,104.266666666666,3.918944099378882,
1965-05-01,31.48,32.1,437.6,4.0,4.6,736.568333333333,437.1,105.4,3.918944099378882,
1965-06-01,31.61,32.4,435.2,4.0,4.6,742.945666666666,440.1,104.733333333333,3.918944099378882,
1965-07-01,31.58,32.4,441.0,4.0,4.4,749.323,442.9,104.066666666666,3.918944099378882,
1965-08-01,31.55,32.4,444.4,4.0,4.4,756.834333333333,445.8,103.4,3.918944099378882,
1965-09-01,31.62,32.4,452.0,4.0,4.3,764.345666666666,449.5,103.233333333333,3.918944099378882,
1965-10-01,31.65,32.5,458.5,4.0,4.2,771.857,452.6,103.066666666666,3.918944099378882,
1965-11-01,31.75,32.6,459.1,4.0,4.1,779.816,455.7,102.9,3.918944099378882,
1965-12-01,31.85,32.8,461.7,4.0,4.0,787.775,459.2,101.933333333333,3.918944099378882,
1966-01-01,31.88,32.9,465.2,4.0,4.0,795.734,462.0,100.966666666666,3.918944099378882,
1966-02-01,32.08,33.2,470.2,4.0,3.8,798.816333333333,464.6,100.0,3.918944099378882,
1966-03-01,32.18,33.2,475.0,4.0,3.8,801.898666666666,467.2,98.5666666666666,3.918944099378882,
1966-04-01,32.28,33.2,476.9,4.0,3.8,804.981,469.3,97.1333333333333,3.918944099378882,
1966-05-01,32.35,33.2,473.1,4.0,3.9,809.866666666666,470.1,95.7,3.918944099378882,
1966-06-01,32.38,33.3,475.5,4.0,3.8,814.752333333333,471.2,94.2,3.918944099378882,
1966-07-01,32.45,33.5,480.6,4.0,3.8,819.638,470.9,92.7,3.918944099378882,
1966-08-01,32.65,33.6,483.2,4.0,3.8,824.192666666666,472.6,91.2,3.918944099378882,
1966-09-01,32.75,33.6,489.2,4.0,3.7,828.747333333333,475.4,90.2333333333333,3.918944099378882,
1966-10-01,32.85,33.4,488.3,4.0,3.7,833.302,475.7,89.2666666666666,3.918944099378882,
1966-11-01,32.88,33.3,490.1,4.0,3.6,836.924666666666,477.3,88.3,3.918944099378882,
1966-12-01,32.92,33.3,491.8,4.0,3.8,840.547333333333,480.2,90.2333333333333,3.918944099378882,
1967-01-01,32.9,33.4,494.2,4.0,3.9,844.17,481.6,92.1666666666666,3.918944099378882,
1967-02-01,33.0,33.4,493.0,4.0,3.8,845.774333333333,485.1,94.1,3.918944099378882,
1967-03-01,33.0,33.3,495.8,4.0,3.8,847.378666666666,489.7,94.7,3.918944099378882,
1967-04-01,33.1,33.1,501.3,4.0,3.8,848.983,492.1,95.3,3.918944099378882,
1967-05-01,33.1,33.3,502.2,4.0,3.8,854.399666666666,497.2,95.9,3.918944099378882,
1967-06-01,33.3,33.5,506.8,4.0,3.9,859.816333333333,502.0,96.2666666666666,3.918944099378882,
1967-07-01,33.4,33.5,506.7,4.0,3.8,865.233,506.3,96.6333333333333,3.918944099378882,
1967-08-01,33.5,33.4,509.8,4.0,3.8,870.635,510.8,97.0,3.918944099378882,
1967-09-01,33.6,33.4,515.6,4.0,3.8,876.036999999999,514.7,95.6333333333333,3.918944099378882,
1967-10-01,33.7,33.4,512.2,4.0,4.0,881.439,518.2,94.2666666666666,3.918944099378882,
1967-11-01,33.9,33.4,517.4,4.0,3.9,890.755,521.2,92.9,3.918944099378882,
1967-12-01,34.0,33.7,525.1,4.0,3.8,900.070999999999,524.8,94.3333333333333,3.918944099378882,
1968-01-01,34.1,33.8,530.9,4.0,3.7,909.387,527.4,95.7666666666666,3.918944099378882,
1968-02-01,34.2,34.0,533.6,4.0,3.8,917.706,530.4,97.2,3.918944099378882,
1968-03-01,34.3,34.1,544.3,4.0,3.7,926.025,533.2,95.6,3.918944099378882,
1968-04-01,34.4,34.1,544.0,4.0,3.5,934.344,535.7,94.0,3.918944099378882,
1968-05-01,34.5,34.2,549.8,4.0,3.5,939.837666666666,538.9,92.4,3.918944099378882,
1968-06-01,34.7,34.2,556.3,4.0,3.7,945.331333333333,542.6,92.4,3.918944099378882,
1968-07-01,34.9,34.3,563.2,4.0,3.7,950.825,545.6,92.4,3.918944099378882,
1968-08-01,35.0,34.2,567.0,4.0,3.5,956.56,549.4,92.4,3.918944099378882,
1968-09-01,35.1,34.4,568.2,4.0,3.4,962.295,553.6,92.1666666666666,3.918944099378882,
1968-10-01,35.3,34.4,571.6,4.0,3.4,968.03,557.6,91.9333333333333,3.918944099378882,
1968-11-01,35.4,34.5,576.7,4.0,3.4,976.465666666666,562.4,91.7,3.918944099378882,
1968-12-01,35.6,34.6,576.5,4.0,3.4,984.901333333333,566.8,93.8666666666666,3.918944099378882,
1969-01-01,35.7,34.8,583.5,4.0,3.4,993.337,569.3,96.0333333333333,3.918944099378882,
1969-02-01,35.8,35.0,588.7,4.0,3.4,998.564666666666,571.9,98.2,3.918944099378882,
1969-03-01,36.1,35.2,588.9,4.0,3.4,1003.79233333333,574.4,95.9666666666666,3.918944099378882,
1969-04-01,36.3,35.3,593.9,4.0,3.4,1009.02,575.7,93.7333333333333,3.918944099378882,
1969-05-01,36.4,35.5,600.3,4.0,3.4,1015.99866666666,576.5,91.5,3.918944099378882,
1969-06-01,36.6,35.7,600.9,4.0,3.5,1022.97733333333,578.5,89.8,3.918944099378882,
1969-07-01,36.8,35.8,602.7,4.0,3.5,1029.956,579.5,88.1,3.918944099378882,
1969-08-01,36.9,35.7,609.9,4.0,3.5,1032.68633333333,580.1,86.4,3.918944099378882,
1969-09-01,37.1,35.8,613.2,4.0,3.7,1035.41666666666,582.1,84.1666666666666,3.918944099378882,
1969-10-01,37.3,35.9,618.5,4.0,3.7,1038.147,583.4,81.9333333333333,3.918944099378882,
1969-11-01,37.5,36.1,620.5,4.0,3.5,1042.498,585.4,79.7,3.918944099378882,
1969-12-01,37.7,36.3,622.8,4.0,3.5,1046.849,587.9,79.1666666666666,3.918944099378882,
1970-01-01,37.9,36.5,628.7,10.0,3.9,1051.2,589.6,78.6333333333333,3.918944099378882,
1970-02-01,38.1,36.7,634.0,10.0,4.2,1056.59166666666,586.3,78.1,3.918944099378882,
1970-03-01,38.3,36.7,632.3,10.0,4.4,1061.98333333333,587.3,77.2,3.918944099378882,
1970-04-01,38.5,36.8,636.0,10.0,4.6,1067.375,588.4,76.3,3.918944099378882,
1970-05-01,38.6,36.8,642.4,10.0,4.8,1073.603,591.5,75.4,3.918944099378882,
1970-06-01,38.8,36.9,646.3,10.0,4.9,1079.831,595.2,76.1333333333333,3.918944099378882,
1970-07-01,38.9,37.1,648.5,10.0,5.0,1086.059,599.1,76.8666666666666,3.918944099378882,
1970-08-01,39.0,36.9,652.9,10.0,5.1,1086.90866666666,604.9,77.6,3.918944099378882,
1970-09-01,39.2,37.1,659.1,10.0,5.4,1087.75833333333,611.2,75.8666666666666,3.918944099378882,
1970-10-01,39.4,37.1,658.3,10.0,5.5,1088.608,616.4,74.1333333333333,3.918944099378882,
1970-11-01,39.6,37.1,656.6,10.0,5.9,1104.124,621.1,72.4,3.918944099378882,
1970-12-01,39.8,37.1,665.6,10.0,6.1,1119.63999999999,626.5,74.3,3.918944099378882,
1971-01-01,39.9,37.3,676.1,10.0,5.9,1135.156,632.9,76.2,3.918944099378882,
1971-02-01,39.9,37.7,679.4,10.0,5.9,1142.19433333333,641.0,78.1,3.918944099378882,
1971-03-01,40.0,37.8,682.0,10.0,6.0,1149.23266666666,649.9,78.8,3.918944099378882,
1971-04-01,40.1,37.9,688.8,10.0,5.9,1156.271,658.4,79.5,3.918944099378882,
1971-05-01,40.3,38.1,691.1,10.0,5.9,1163.40566666666,666.7,80.2,3.918944099378882,
1971-06-01,40.5,38.2,699.8,10.0,5.9,1170.54033333333,673.0,80.8333333333333,3.918944099378882,
1971-07-01,40.6,38.3,698.9,10.0,6.0,1177.675,679.6,81.4666666666666,3.918944099378882,
1971-08-01,40.7,38.5,704.9,10.0,6.1,1181.88233333333,685.5,82.1,3.918944099378882,
1971-09-01,40.8,38.3,713.0,10.0,6.0,1186.08966666666,692.5,82.0666666666666,3.918944099378882,
1971-10-01,40.9,38.3,715.8,10.0,5.8,1190.297,698.4,82.0333333333333,3.918944099378882,
1971-11-01,41.0,38.3,720.9,10.0,6.0,1203.73433333333,704.6,82.0,3.918944099378882,
1971-12-01,41.1,38.6,728.4,10.0,6.0,1217.17166666666,710.3,85.6,3.918944099378882,
1972-01-01,41.2,38.8,731.5,10.0,5.8,1230.609,717.7,89.2,3.918944099378882,
1972-02-01,41.4,39.2,736.2,10.0,5.7,1242.529,725.7,92.8,3.918944099378882,
1972-03-01,41.4,39.2,749.2,10.0,5.8,1254.44899999999,733.5,91.3999999999999,3.918944099378882,
1972-04-01,41.5,39.3,752.5,10.0,5.7,1266.369,738.4,90.0,3.918944099378882,
1972-05-01,41.6,39.5,758.0,10.0,5.7,1274.43466666666,743.3,88.6,3.918944099378882,
1972-06-01,41.7,39.7,761.6,10.0,5.7,1282.50033333333,749.7,90.8,3.918944099378882,
1972-07-01,41.8,40.0,769.9,10.0,5.6,1290.566,759.5,93.0,3.918944099378882,
1972-08-01,41.9,40.1,776.3,10.0,5.6,1303.34533333333,768.7,95.2,3.918944099378882,
1972-09-01,42.1,40.2,781.1,10.0,5.5,1316.12466666666,778.3,93.7,3.918944099378882,
1972-10-01,42.2,40.1,794.9,10.0,5.6,1328.904,786.9,92.2,3.918944099378882,
1972-11-01,42.4,40.3,800.5,10.0,5.3,1345.09933333333,793.9,90.7,3.918944099378882,
1972-12-01,42.5,41.1,806.1,10.0,5.2,1361.29466666666,802.3,87.7666666666666,3.918944099378882,
1973-01-01,42.7,41.6,816.5,10.0,4.9,1377.49,810.3,84.8333333333333,3.918944099378882,
1973-02-01,43.0,42.4,825.8,10.0,5.0,1389.62233333333,814.1,81.9,3.918944099378882,
1973-03-01,43.4,43.4,832.8,10.0,4.9,1401.75466666666,815.3,80.2666666666666,3.918944099378882,
1973-04-01,43.7,43.6,835.7,10.0,5.0,1413.887,819.7,78.6333333333333,3.918944099378882,
1973-05-01,43.9,44.5,841.6,10.0,4.9,1420.53733333333,826.8,77.0,3.918944099378882,
1973-06-01,44.2,45.5,844.3,10.0,4.9,1427.18766666666,833.3,75.3333333333333,3.918944099378882,
1973-07-01,44.2,44.9,854.1,10.0,4.8,1433.838,836.5,73.6666666666666,3.918944099378882,
1973-08-01,45.0,47.5,853.3,10.0,4.8,1447.98833333333,838.8,72.0,3.918944099378882,
1973-09-01,45.2,46.7,869.2,10.0,4.8,1462.13866666666,839.3,73.5,3.918944099378882,
1973-10-01,45.6,46.3,868.2,10.0,4.6,1476.289,842.6,75.0,3.918944099378882,
1973-11-01,45.9,46.5,876.9,10.0,4.8,1481.26233333333,848.9,76.5,3.918944099378882,
1973-12-01,46.3,47.4,876.6,10.0,4.9,1486.23566666666,855.5,71.6,3.918944099378882,
1974-01-01,46.8,49.0,884.5,10.0,5.1,1491.209,859.7,66.7,3.918944099378882,
1974-02-01,47.3,50.0,889.7,10.0,5.2,1504.158,864.2,61.8,3.918944099378882,
1974-03-01,47.8,50.6,901.4,10.0,5.1,1517.107,870.1,65.2333333333333,3.918944099378882,
1974-04-01,48.1,51.0,910.8,10.0,5.1,1530.056,872.9,68.6666666666666,3.918944099378882,
1974-05-01,48.6,51.8,922.4,10.0,5.1,1540.046,874.6,72.1,3.918944099378882,
1974-06-01,49.0,52.0,928.0,10.0,5.4,1550.036,877.8,69.5333333333333,3.918944099378882,
1974-07-01,49.3,54.0,937.9,10.0,5.5,1560.026,881.4,66.9666666666666,3.918944099378882,
1974-08-01,49.9,55.9,954.8,10.0,5.5,1573.24366666666,884.1,64.4,3.918944099378882,
1974-09-01,50.6,55.9,955.1,10.0,5.9,1586.46133333333,887.9,62.7666666666666,3.918944099378882,
1974-10-01,51.0,56.9,959.2,10.0,6.0,1599.679,893.3,61.1333333333333,3.918944099378882,
1974-11-01,51.5,57.4,956.2,10.0,6.6,1605.158,898.6,59.5,3.918944099378882,
1974-12-01,51.9,57.3,961.8,10.0,7.2,1610.637,902.1,58.8666666666666,3.918944099378882,
1975-01-01,52.3,57.4,975.6,10.0,8.1,1616.116,906.3,58.2333333333333,3.918944099378882,
1975-02-01,52.6,57.2,989.4,10.0,8.1,1628.02833333333,914.1,57.6,3.918944099378882,
1975-03-01,52.8,56.9,990.6,10.0,8.6,1639.94066666666,925.0,62.6666666666666,3.918944099378882,
1975-04-01,53.0,57.5,995.0,10.0,8.8,1651.853,935.1,67.7333333333333,3.918944099378882,
1975-05-01,53.1,57.9,1018.9,10.0,9.0,1671.17533333333,947.9,72.8,3.918944099378882,
1975-06-01,53.5,58.0,1026.8,10.0,8.8,1690.49766666666,963.0,73.7666666666666,3.918944099378882,
1975-07-01,54.0,58.7,1039.8,10.0,8.6,1709.82,975.1,74.7333333333333,3.918944099378882,
1975-08-01,54.2,59.0,1047.0,10.0,8.4,1727.157,983.1,75.7,3.918944099378882,
1975-09-01,54.6,59.4,1054.8,10.0,8.4,1744.494,991.5,75.6666666666666,3.918944099378882,
1975-10-01,54.9,59.8,1060.9,10.0,8.4,1761.831,997.8,75.6333333333333,3.918944099378882,
1975-11-01,55.3,59.5,1075.8,10.0,8.3,1781.383,1006.9,75.6,3.918944099378882,
1975-12-01,55.6,59.7,1092.1,10.0,8.2,1800.935,1016.2,78.6,3.918944099378882,
1976-01-01,55.8,59.9,1107.1,10.0,7.9,1820.487,1026.6,81.6,3.918944099378882,
1976-02-01,55.9,59.9,1107.7,10.0,7.7,1831.102,1040.3,84.6,3.918944099378882,
1976-03-01,56.0,60.0,1114.9,10.0,7.6,1841.717,1050.0,84.1666666666666,3.918944099378882,
1976-04-01,56.1,60.6,1125.4,10.0,7.7,1852.332,1060.8,83.7333333333333,3.918944099378882,
1976-05-01,56.4,60.8,1122.7,10.0,7.4,1863.74066666666,1072.1,83.3,3.918944099378882,
1976-06-01,56.7,61.2,1140.5,10.0,7.6,1875.14933333333,1077.6,85.4333333333333,3.918944099378882,
1976-07-01,57.0,61.6,1149.6,10.0,7.8,1886.558,1086.3,87.5666666666666,3.918944099378882,
1976-08-01,57.3,61.4,1158.0,10.0,7.8,1902.463,1098.7,89.7,3.918944099378882,
1976-09-01,57.6,61.8,1168.8,10.0,7.6,1918.368,1110.8,88.8,3.918944099378882,
1976-10-01,57.9,61.9,1176.8,10.0,7.7,1934.273,1125.0,87.9,3.918944099378882,
1976-11-01,58.1,62.0,1189.0,10.0,7.8,1952.398,1138.2,87.0,3.918944099378882,
1976-12-01,58.4,62.5,1211.5,10.0,7.8,1970.523,1152.0,87.0333333333333,3.918944099378882,
1977-01-01,58.7,62.8,1215.0,10.0,7.5,1988.648,1165.2,87.0666666666666,3.918944099378882,
1977-02-01,59.3,63.5,1231.3,10.0,7.6,2011.06833333333,1177.6,87.1,3.918944099378882,
1977-03-01,59.6,64.1,1238.3,10.0,7.4,2033.48866666666,1188.5,88.1333333333333,3.918944099378882,
1977-04-01,60.0,64.9,1247.3,10.0,7.2,2055.909,1199.6,89.1666666666666,3.918944099378882,
1977-05-01,60.2,65.2,1257.1,10.0,7.0,2076.76366666666,1209.0,90.2,3.918944099378882,
1977-06-01,60.5,65.0,1263.6,10.0,7.2,2097.61833333333,1217.8,89.8,3.918944099378882,
1977-07-01,60.8,65.1,1280.5,10.0,6.9,2118.473,1226.7,89.4,3.918944099378882,
1977-08-01,61.1,65.0,1285.7,10.0,7.0,2133.73866666666,1237.0,89.0,3.918944099378882,
1977-09-01,61.3,65.3,1294.5,10.0,6.8,2149.00433333333,1246.2,87.4666666666666,3.918944099378882,
1977-10-01,61.6,65.6,1311.4,10.0,6.8,2164.27,1254.0,85.9333333333333,3.918944099378882,
1977-11-01,62.0,65.8,1327.0,10.0,6.8,2177.1,1262.4,84.4,3.918944099378882,
1977-12-01,62.3,66.2,1336.0,10.0,6.4,2189.93,1270.3,84.05,3.918944099378882,
1978-01-01,62.7,66.8,1329.5,10.0,6.4,2202.76,1279.7,83.7,3.918944099378882,
1978-02-01,63.0,67.5,1355.1,10.0,6.3,2245.71766666666,1285.5,84.3,3.918944099378882,
1978-03-01,63.4,68.1,1377.5,10.0,6.3,2288.67533333333,1292.2,78.8,3.918944099378882,
1978-04-01,63.9,69.0,1396.4,10.0,6.1,2331.633,1300.4,81.6,3.918944099378882,
1978-05-01,64.5,69.5,1412.0,10.0,6.0,2352.77299999999,1310.5,82.9,3.918944099378882,
1978-06-01,65.0,70.0,1425.8,10.0,5.9,2373.913,1318.5,80.0,3.918944099378882,
1978-07-01,65.5,70.4,1426.8,10.0,6.2,2395.053,1324.1,82.4,3.918944099378882,
1978-08-01,65.9,70.4,1447.0,10.0,5.9,2422.35166666666,1333.5,78.4,3.918944099378882,
1978-09-01,66.5,71.0,1452.9,10.0,6.0,2449.65033333333,1345.0,80.4,3.918944099378882,
1978-10-01,67.1,71.8,1466.9,10.0,5.8,2476.949,1352.3,79.3,3.918944099378882,
1978-11-01,67.5,72.1,1480.6,10.0,5.9,2493.50266666666,1359.1,75.0,3.918944099378882,
1978-12-01,67.9,72.7,1496.5,10.0,6.0,2510.05633333333,1366.0,66.1,3.918944099378882,
1979-01-01,68.5,73.8,1502.4,10.0,5.9,2526.61,1371.6,72.1,3.918944099378882,
1979-02-01,69.2,74.9,1517.8,10.0,5.9,2548.15566666666,1377.8,73.9,3.918944099378882,
1979-03-01,69.9,75.8,1531.2,10.0,5.8,2569.70133333333,1387.8,68.4,3.918944099378882,
1979-04-01,70.6,76.9,1538.4,10.0,5.8,2591.247,1402.1,66.0,3.918944099378882,
1979-05-01,71.4,77.5,1558.8,10.0,5.6,2616.68633333333,1410.2,68.1,3.918944099378882,
1979-06-01,72.2,78.0,1575.7,10.0,5.7,2642.12566666666,1423.0,65.8,3.918944099378882,
1979-07-01,73.0,79.2,1586.1,10.0,5.7,2667.565,1434.8,60.4,3.918944099378882,
1979-08-01,73.7,79.6,1615.6,10.0,6.0,2686.33766666666,1446.6,64.5,3.918944099378882,
1979-09-01,74.4,80.9,1633.9,10.0,5.9,2705.11033333333,1454.1,66.7,3.918944099378882,
1979-10-01,75.2,82.1,1641.6,10.0,6.0,2723.883,1460.4,62.1,3.918944099378882,
1979-11-01,76.0,82.6,1657.3,10.0,5.9,2745.86933333333,1465.9,63.3,3.918944099378882,
1979-12-01,76.9,83.4,1666.3,10.0,6.0,2767.85566666666,1473.7,61.0,3.918944099378882,
1980-01-01,78.0,85.2,1697.3,10.0,6.3,2789.842,1482.7,67.0,3.918944099378882,
1980-02-01,79.0,86.9,1701.4,10.0,6.3,2792.34533333333,1494.6,66.9,3.918944099378882,
1980-03-01,80.1,87.5,1708.2,10.0,6.3,2794.84866666666,1499.8,56.5,3.918944099378882,
1980-04-01,80.9,87.8,1695.2,10.0,6.9,2797.352,1502.2,52.7,3.918944099378882,
1980-05-01,81.7,88.3,1700.1,10.0,7.5,2817.06233333333,1512.3,51.7,3.918944099378882,
1980-06-01,82.5,88.7,1718.8,10.0,7.6,2836.77266666666,1529.2,58.7,3.918944099378882,
1980-07-01,82.6,90.3,1747.1,10.0,7.8,2856.483,1545.5,62.3,3.918944099378882,
1980-08-01,83.2,91.5,1763.8,10.0,7.7,2899.50766666666,1561.5,67.3,3.918944099378882,
1980-09-01,83.9,91.7,1780.5,10.0,7.5,2942.53233333333,1574.0,73.7,3.918944099378882,
1980-10-01,84.7,92.8,1817.1,10.0,7.5,2985.557,1584.8,75.0,3.918944099378882,
1980-11-01,85.6,93.2,1826.8,10.0,7.5,3031.77333333333,1595.8,76.7,3.918944099378882,
1980-12-01,86.4,93.8,1851.7,10.0,7.2,3077.98966666666,1599.8,64.5,3.918944099378882,
1981-01-01,87.2,95.2,1870.0,10.0,7.5,3124.206,1606.9,71.4,3.918944099378882,
1981-02-01,88.0,96.1,1884.2,10.0,7.4,3136.98133333333,1618.7,66.9,3.918944099378882,
1981-03-01,88.6,97.0,1902.9,10.0,7.4,3149.75666666666,1636.6,66.5,3.918944099378882,
1981-04-01,89.1,98.0,1904.4,10.0,7.2,3162.532,1659.2,72.4,3.918944099378882,
1981-05-01,89.7,98.3,1913.8,10.0,7.5,3195.22433333333,1664.2,76.3,3.918944099378882,
1981-06-01,90.5,98.5,1934.5,10.0,7.5,3227.91666666666,1670.3,73.1,3.918944099378882,
1981-07-01,91.5,99.0,1942.1,10.0,7.2,3260.609,1681.9,74.1,3.918944099378882,
1981-08-01,92.2,99.0,1966.6,10.0,7.4,3267.34533333333,1694.3,77.2,3.918944099378882,
1981-09-01,93.1,98.8,1965.5,10.0,7.6,3274.08166666666,1706.0,73.1,3.918944099378882,
1981-10-01,93.4,98.9,1963.9,10.0,7.9,3280.818,1721.8,70.3,3.918944099378882,
1981-11-01,93.8,98.8,1970.6,10.0,8.3,3278.646,1736.1,62.5,3.918944099378882,
1981-12-01,94.1,98.8,1988.8,10.0,8.5,3276.474,1755.5,64.3,3.918944099378882,
1982-01-01,94.4,99.7,1997.1,10.0,8.6,3274.302,1770.4,71.0,3.918944099378882,
1982-02-01,94.7,99.8,2021.2,10.0,8.9,3293.52533333333,1774.5,66.5,3.918944099378882,
1982-03-01,94.7,99.6,2024.1,10.0,9.0,3312.74866666666,1786.5,62.0,3.918944099378882,
1982-04-01,95.0,99.6,2026.3,10.0,9.3,3331.972,1803.9,65.5,3.918944099378882,
1982-05-01,95.9,99.8,2044.5,10.0,9.4,3343.422,1815.4,67.5,3.918944099378882,
1982-06-01,97.0,100.0,2048.1,10.0,9.6,3354.872,1826.0,65.7,3.918944099378882,
1982-07-01,97.5,100.4,2072.2,10.0,9.8,3366.322,1831.5,65.4,3.918944099378882,
1982-08-01,97.7,100.3,2080.1,10.0,9.8,3378.40166666666,1845.2,65.4,3.918944099378882,
1982-09-01,97.7,100.0,2104.6,10.0,10.1,3390.48133333333,1858.4,69.3,3.918944099378882,
1982-10-01,98.1,100.2,2125.8,10.0,10.4,3402.561,1869.7,73.4,3.918944099378882,
1982-11-01,98.0,100.3,2149.3,10.0,10.8,3426.17833333333,1883.7,72.1,3.918944099378882,
1982-12-01,97.7,100.5,2161.6,10.0,10.8,3449.79566666666,1905.9,71.9,3.918944099378882,
1983-01-01,97.9,100.2,2174.0,5.5,10.4,3473.413,1959.4,70.4,3.918944099378882,
1983-02-01,98.0,100.5,2177.0,5.5,10.4,3508.558,1996.8,74.6,3.918944099378882,
1983-03-01,98.1,100.4,2202.8,5.5,10.3,3543.703,2015.2,80.8,3.918944099378882,
1983-04-01,98.8,100.4,2226.4,5.5,10.2,3578.848,2028.6,89.1,3.918944099378882,
1983-05-01,99.2,100.8,2245.9,5.5,10.1,3615.625,2043.1,93.3,3.918944099378882,
1983-06-01,99.4,101.0,2276.0,5.5,10.1,3652.402,2053.5,92.2,3.918944099378882,
1983-07-01,99.8,101.3,2304.4,5.5,9.4,3689.179,2064.8,92.8,3.918944099378882,
1983-08-01,100.1,101.8,2320.4,5.5,9.5,3724.35466666666,2074.0,90.9,3.918944099378882,
1983-09-01,100.4,102.0,2334.9,5.5,9.2,3759.53033333333,2083.2,89.9,3.918944099378882,
1983-10-01,100.8,102.2,2357.6,5.5,8.8,3794.706,2099.2,89.3,3.918944099378882,
1983-11-01,101.1,102.1,2366.3,5.5,8.5,3832.48866666666,2112.3,91.1,3.918944099378882,
1983-12-01,101.4,102.3,2393.6,5.5,8.3,3870.27133333333,2123.5,94.2,3.918944099378882,
1984-01-01,102.1,102.9,2419.4,5.5,8.0,3908.054,2138.2,100.1,3.918944099378882,
1984-02-01,102.6,103.2,2403.5,5.5,7.8,3941.903,2158.2,97.4,3.918944099378882,
1984-03-01,102.9,103.9,2431.6,5.5,7.8,3975.752,2175.2,101.0,3.918944099378882,
1984-04-01,103.3,104.0,2457.5,5.5,7.7,4009.601,2191.7,96.1,3.918944099378882,
1984-05-01,103.5,104.1,2474.5,5.5,7.4,4034.484,2204.1,98.1,3.918944099378882,
1984-06-01,103.7,104.0,2495.6,5.5,7.2,4059.367,2215.1,95.5,3.918944099378882,
1984-07-01,104.1,104.2,2494.6,5.5,7.5,4084.25,2223.5,96.6,3.918944099378882,
1984-08-01,104.4,103.8,2512.2,5.5,7.5,4105.68366666666,2230.4,99.1,3.918944099378882,
1984-09-01,104.7,103.4,2533.8,5.5,7.3,4127.11733333333,2244.4,100.9,3.918944099378882,
1984-10-01,105.1,103.4,2531.3,5.5,7.4,4148.551,2258.9,96.3,3.918944099378882,
1984-11-01,105.3,103.7,2571.4,5.5,7.2,4175.75666666666,2281.4,95.7,3.918944099378882,
1984-12-01,105.5,103.5,2582.6,5.5,7.3,4202.96233333333,2306.4,92.9,3.918944099378882,
1985-01-01,105.7,103.4,2618.8,5.5,7.3,4230.168,2332.4,96.0,3.918944099378882,
1985-02-01,106.3,103.3,2640.8,5.5,7.2,4251.741,2354.1,93.7,3.918944099378882,
1985-03-01,106.8,103.1,2648.5,5.5,7.2,4273.31399999999,2366.2,93.7,3.918944099378882,
1985-04-01,107.0,103.3,2659.5,5.5,7.3,4294.887,2375.4,94.6,3.918944099378882,
1985-05-01,107.2,103.5,2696.4,5.5,7.2,4325.51566666666,2389.5,91.8,3.918944099378882,
1985-06-01,107.5,103.3,2689.4,5.5,7.4,4356.14433333333,2412.6,96.5,3.918944099378882,
1985-07-01,107.7,103.2,2715.7,5.5,7.4,4386.773,2429.5,94.0,3.918944099378882,
1985-08-01,107.9,102.7,2752.1,5.5,7.1,4405.88,2444.0,92.4,3.918944099378882,
1985-09-01,108.1,102.1,2794.7,5.5,7.1,4424.987,2456.4,92.1,3.918944099378882,
1985-10-01,108.5,102.9,2755.8,5.5,7.1,4444.094,2468.0,88.4,3.918944099378882,
1985-11-01,109.0,103.4,2771.1,5.5,7.0,4465.36066666666,2477.8,90.9,3.918944099378882,
1985-12-01,109.5,103.6,2811.3,5.5,7.0,4486.62733333333,2492.1,93.9,3.918944099378882,
1986-01-01,109.9,103.2,2827.1,5.5,6.7,4507.894,2502.1,95.6,3.918944099378882,
1986-02-01,109.7,101.7,2820.2,5.5,7.2,4520.376,2512.9,95.9,3.918944099378882,
1986-03-01,109.1,100.3,2823.6,5.5,7.2,4532.858,2533.1,95.1,3.918944099378882,
1986-04-01,108.7,99.6,2835.2,5.5,7.1,4545.34,2557.8,96.2,3.918944099378882,
1986-05-01,109.0,100.0,2857.5,5.5,7.2,4566.11633333333,2584.8,94.8,3.918944099378882,
1986-06-01,109.4,99.9,2861.7,5.5,7.2,4586.89266666666,2605.0,99.3,3.918944099378882,
1986-07-01,109.5,99.4,2881.2,5.5,7.0,4607.669,2626.6,97.7,3.918944099378882,
1986-08-01,109.6,99.3,2898.6,5.5,6.9,4624.32166666666,2646.5,94.9,3.918944099378882,
1986-09-01,110.0,99.4,2971.8,5.5,7.0,4640.97433333333,2667.8,91.9,3.918944099378882,
1986-10-01,110.2,99.7,2932.9,5.5,7.0,4657.627,2687.4,95.6,3.918944099378882,
1986-11-01,110.4,99.8,2928.4,5.5,6.9,4679.13666666666,2701.3,91.4,3.918944099378882,
1986-12-01,110.8,99.7,2997.1,5.5,6.6,4700.64633333333,2728.0,89.1,3.918944099378882,
1987-01-01,111.4,100.5,2935.5,5.5,6.6,4722.156,2743.9,90.4,3.918944099378882,
1987-02-01,111.8,101.0,3001.7,5.5,6.6,4750.15733333333,2747.5,90.2,3.918944099378882,
1987-03-01,112.2,101.2,3013.3,5.5,6.6,4778.15866666666,2753.7,90.8,3.918944099378882,
1987-04-01,112.7,101.9,3038.8,5.5,6.3,4806.16,2767.7,92.8,3.918944099378882,
1987-05-01,113.0,102.6,3048.4,5.5,6.3,4832.29166666666,2772.9,91.1,3.918944099378882,
1987-06-01,113.5,103.0,3072.8,5.5,6.2,4858.42333333333,2774.6,91.5,3.918944099378882,
1987-07-01,113.8,103.5,3094.7,5.5,6.1,4884.555,2779.0,93.7,3.918944099378882,
1987-08-01,114.3,103.8,3130.8,5.5,6.0,4925.70133333333,2788.2,94.4,3.918944099378882,
1987-09-01,114.7,103.7,3126.5,5.5,5.9,4966.84766666666,2799.5,93.6,3.918944099378882,
1987-10-01,115.0,104.1,3134.5,5.5,6.0,5007.994,2814.8,89.3,3.918944099378882,
1987-11-01,115.4,104.2,3144.2,5.5,5.8,5029.78666666666,2818.9,83.1,3.918944099378882,
1987-12-01,115.6,104.2,3174.1,5.5,5.7,5051.57933333333,2826.4,86.8,3.918944099378882,
1988-01-01,116.0,104.6,3213.7,5.5,5.7,5073.372,2847.4,90.8,3.918944099378882,
1988-02-01,116.2,104.8,3221.4,5.5,5.7,5112.26,2870.4,91.6,3.918944099378882,
1988-03-01,116.5,104.9,3260.5,5.5,5.7,5151.148,2890.7,94.6,3.918944099378882,
1988-04-01,117.2,105.8,3263.0,5.5,5.4,5190.036,2910.7,91.2,3.918944099378882,
1988-05-01,117.5,106.5,3293.6,5.5,5.6,5220.969,2926.0,94.8,3.918944099378882,
1988-06-01,118.0,107.2,3318.5,5.5,5.4,5251.902,2938.4,94.7,3.918944099378882,
1988-07-01,118.5,107.9,3342.7,5.5,5.4,5282.835,2947.2,93.4,3.918944099378882,
1988-08-01,119.0,108.0,3368.0,5.5,5.6,5321.72633333333,2952.0,97.4,3.918944099378882,
1988-09-01,119.5,108.1,3375.0,5.5,5.4,5360.61766666666,2956.9,97.3,3.918944099378882,
1988-10-01,119.9,108.2,3413.7,5.5,5.4,5399.509,2965.3,94.1,3.918944099378882,
1988-11-01,120.3,108.3,3430.2,5.5,5.3,5436.757,2980.2,93.0,3.918944099378882,
1988-12-01,120.7,109.0,3459.7,5.5,5.3,5474.005,2988.2,91.9,3.918944099378882,
1989-01-01,121.2,110.5,3483.7,5.5,5.4,5511.253,2991.7,97.9,3.918944099378882,
1989-02-01,121.6,110.8,3488.0,5.5,5.2,5544.98966666666,2992.2,95.4,3.918944099378882,
1989-03-01,122.2,111.5,3498.8,5.5,5.0,5578.72633333333,2999.7,94.3,3.918944099378882,
1989-04-01,123.1,112.3,3543.0,5.5,5.2,5612.463,3006.0,91.5,3.918944099378882,
1989-05-01,123.7,113.2,3551.8,5.5,5.2,5640.097,3011.6,90.7,3.918944099378882,
1989-06-01,124.1,112.9,3566.6,5.5,5.3,5667.731,3027.9,90.6,3.918944099378882,
1989-07-01,124.5,112.8,3585.7,5.5,5.2,5695.365,3052.4,92.0,3.918944099378882,
1989-08-01,124.5,112.0,3620.6,5.5,5.2,5712.65566666666,3074.4,89.6,3.918944099378882,
1989-09-01,124.8,112.4,3621.9,5.5,5.3,5729.94633333333,3092.5,95.8,3.918944099378882,
1989-10-01,125.4,112.8,3633.6,5.5,5.3,5747.237,3114.1,93.9,3.918944099378882,
1989-11-01,125.9,112.7,3643.3,5.5,5.4,5789.05833333333,3133.3,90.9,3.918944099378882,
1989-12-01,126.3,113.0,3684.2,5.5,5.4,5830.87966666666,3152.5,90.5,3.918944099378882,
1990-01-01,127.5,114.9,3730.7,5.5,5.4,5872.701,3166.8,93.0,3.918944099378882,
1990-02-01,128.0,114.4,3728.2,5.5,5.3,5901.81,3179.2,89.5,3.918944099378882,
1990-03-01,128.6,114.2,3754.9,5.5,5.2,5930.919,3190.1,91.3,3.918944099378882,
1990-04-01,128.9,114.1,3770.0,5.5,5.4,5960.028,3201.6,93.9,3.918944099378882,
1990-05-01,129.1,114.6,3775.8,5.5,5.4,5978.39066666666,3200.6,90.6,3.918944099378882,
1990-06-01,129.9,114.3,3804.5,5.5,5.2,5996.75333333333,3213.7,88.3,3.918944099378882,
1990-07-01,130.5,114.5,3821.7,5.5,5.5,6015.116,3224.5,88.2,3.918944099378882,
1990-08-01,131.6,116.5,3848.3,5.5,5.7,6011.655,3242.0,76.4,3.918944099378882,
1990-09-01,132.5,118.4,3870.1,5.5,5.9,6008.194,3254.6,72.8,3.918944099378882,
1990-10-01,133.4,120.8,3870.6,5.5,5.9,6004.733,3259.3,63.9,3.918944099378882,
1990-11-01,133.7,120.1,3871.9,5.5,6.2,6014.88133333333,3262.6,66.0,3.918944099378882,
1990-12-01,134.2,118.7,3861.3,5.5,6.3,6025.02966666666,3271.8,65.5,3.918944099378882,
1991-01-01,134.7,119.0,3841.0,5.5,6.4,6035.178,3287.7,66.8,3.918944099378882,
1991-02-01,134.8,117.2,3866.7,5.5,6.6,6065.73933333333,3304.5,70.4,3.918944099378882,
1991-03-01,134.8,116.2,3913.0,5.5,6.8,6096.30066666666,3321.9,87.7,3.918944099378882,
1991-04-01,135.1,116.0,3907.1,5.5,6.7,6126.862,3332.4,81.8,3.918944099378882,
1991-05-01,135.6,116.5,3933.2,5.5,6.9,6153.22033333333,3343.0,78.3,3.918944099378882,
1991-06-01,136.0,116.4,3940.5,5.5,6.9,6179.57866666666,3351.9,82.1,3.918944099378882,
1991-07-01,136.2,116.1,3966.0,5.5,6.8,6205.937,3356.1,82.9,3.918944099378882,
1991-08-01,136.6,116.2,3969.1,5.5,6.9,6225.47133333333,3355.0,82.0,3.918944099378882,
1991-09-01,137.0,116.1,3984.7,5.5,6.9,6245.00566666666,3354.9,83.0,3.918944099378882,
1991-10-01,137.2,116.4,3976.0,5.5,7.0,6264.54,3360.1,78.3,3.918944099378882,
1991-11-01,137.8,116.4,4003.6,5.5,7.0,6297.394,3365.5,69.1,3.918944099378882,
1991-12-01,138.2,115.9,4020.5,5.5,7.3,6330.248,3372.2,68.2,3.918944099378882,
1992-01-01,138.3,115.6,4084.7,5.5,7.3,6363.102,3381.2,67.5,3.918944099378882,
1992-02-01,138.6,116.0,4099.5,5.5,7.4,6398.989,3400.0,68.8,3.918944099378882,
1992-03-01,139.1,116.1,4117.0,5.5,7.4,6434.876,3403.9,76.0,3.918944099378882,
1992-04-01,139.4,116.3,4131.5,5.5,7.4,6470.763,3399.7,77.2,3.918944099378882,
1992-05-01,139.7,117.2,4158.4,5.5,7.6,6502.72233333333,3398.6,79.2,3.918944099378882,
1992-06-01,140.1,118.0,4177.1,5.5,7.8,6534.68166666666,3393.4,80.4,3.918944099378882,
1992-07-01,140.5,117.9,4204.8,5.5,7.7,6566.641,3393.9,76.6,3.918944099378882,
1992-08-01,140.8,117.7,4220.9,5.5,7.6,6604.695,3398.8,76.1,3.918944099378882,
1992-09-01,141.1,118.0,4255.3,5.5,7.6,6642.749,3410.3,75.6,3.918944099378882,
1992-10-01,141.7,118.1,4284.7,5.5,7.3,6680.803,3423.8,73.3,3.918944099378882,
1992-11-01,142.1,117.8,4300.5,5.5,7.4,6697.02166666666,3426.5,85.3,3.918944099378882,
1992-12-01,142.3,117.6,4336.4,5.5,7.4,6713.24033333333,3424.7,91.0,3.918944099378882,
1993-01-01,142.8,118.0,4340.7,5.5,7.3,6729.459,3419.1,89.3,3.918944099378882,
1993-02-01,143.1,118.4,4355.3,5.5,7.1,6755.95233333333,3414.5,86.6,3.918944099378882,
1993-03-01,143.3,118.7,4352.5,5.5,7.0,6782.44566666666,3411.7,85.9,3.918944099378882,
1993-04-01,143.8,119.3,4393.4,5.5,7.1,6808.939,3411.3,85.6,3.918944099378882,
1993-05-01,144.2,119.7,4422.4,5.5,7.1,6833.32533333333,3436.9,80.3,3.918944099378882,
1993-06-01,144.3,119.5,4440.0,5.5,7.0,6857.71166666666,3442.4,81.5,3.918944099378882,
1993-07-01,144.5,119.2,4468.9,5.5,6.9,6882.098,3442.0,77.0,3.918944099378882,
1993-08-01,144.8,118.7,4481.1,5.5,6.8,6925.978,3445.7,77.3,3.918944099378882,
1993-09-01,145.0,118.7,4511.5,5.5,6.7,6969.858,3452.2,77.9,3.918944099378882,
1993-10-01,145.6,119.1,4532.8,5.5,6.8,7013.738,3456.7,82.7,3.918944099378882,
1993-11-01,146.0,119.0,4554.1,5.5,6.6,7047.70933333333,3470.1,81.2,3.918944099378882,
1993-12-01,146.3,118.6,4571.1,5.5,6.5,7081.68066666666,3474.5,88.2,3.918944099378882,
1994-01-01,146.3,119.1,4585.1,5.5,6.6,7115.652,3474.9,94.3,3.918944099378882,
1994-02-01,146.7,119.3,4632.6,5.5,6.6,7159.41166666666,3475.7,93.2,3.918944099378882,
1994-03-01,147.1,119.7,4646.0,5.5,6.5,7203.17133333333,3480.1,91.5,3.918944099378882,
1994-04-01,147.2,119.7,4671.1,5.5,6.4,7246.931,3481.3,92.6,3.918944099378882,
1994-05-01,147.5,119.9,4669.5,5.5,6.1,7274.97899999999,3490.8,92.8,3.918944099378882,
1994-06-01,147.9,120.5,4708.9,5.5,6.1,7303.027,3479.5,91.2,3.918944099378882,
1994-07-01,148.4,120.7,4720.6,5.5,6.1,7331.075,3488.2,89.0,3.918944099378882,
1994-08-01,149.0,121.2,4762.6,5.5,6.0,7372.47933333333,3485.7,91.7,3.918944099378882,
1994-09-01,149.3,121.0,4775.0,5.5,5.9,7413.88366666666,3486.1,91.5,3.918944099378882,
1994-10-01,149.4,120.9,4812.9,5.5,5.8,7455.288,3484.3,92.7,3.918944099378882,
1994-11-01,149.8,121.5,4825.6,5.5,5.6,7477.62166666666,3487.2,91.6,3.918944099378882,
1994-12-01,150.1,121.9,4841.6,5.5,5.5,7499.95533333333,3486.4,95.1,3.918944099378882,
1995-01-01,150.5,122.9,4851.2,5.5,5.6,7522.289,3492.4,97.6,3.918944099378882,
1995-02-01,150.9,123.5,4850.8,5.5,5.4,7541.85833333333,3489.9,95.1,3.918944099378882,
1995-03-01,151.2,123.9,4885.4,5.5,5.4,7561.42766666666,3491.1,90.3,3.918944099378882,
1995-04-01,151.8,124.6,4890.2,5.5,5.8,7580.997,3499.2,92.5,3.918944099378882,
1995-05-01,152.1,124.9,4933.1,5.5,5.6,7615.03966666666,3524.2,89.8,3.918944099378882,
1995-06-01,152.4,125.3,4977.5,5.5,5.6,7649.08233333333,3548.9,92.7,3.918944099378882,
1995-07-01,152.6,125.3,4970.2,5.5,5.7,7683.125,3567.4,94.4,3.918944099378882,
1995-08-01,152.9,125.1,5005.3,5.5,5.7,7712.94533333333,3589.0,96.2,3.918944099378882,
1995-09-01,153.1,125.2,5020.5,5.5,5.6,7742.76566666666,3602.1,88.9,3.918944099378882,
1995-10-01,153.5,125.3,5013.9,5.5,5.5,7772.586,3613.4,90.2,3.918944099378882,
1995-11-01,153.7,125.4,5055.6,5.5,5.6,7804.54666666666,3619.9,88.2,3.918944099378882,
1995-12-01,153.9,125.7,5097.5,5.5,5.6,7836.50733333333,3629.5,91.0,3.918944099378882,
1996-01-01,154.7,126.3,5085.7,5.5,5.6,7868.468,3647.9,89.3,3.918944099378882,
1996-02-01,155.0,126.2,5132.8,5.5,5.5,7923.25866666666,3661.8,88.5,3.918944099378882,
1996-03-01,155.5,126.4,5173.3,5.5,5.5,7978.04933333333,3686.9,93.7,3.918944099378882,
1996-04-01,156.1,127.4,5208.0,5.5,5.6,8032.84,3697.7,92.7,3.918944099378882,
1996-05-01,156.4,128.1,5223.8,5.5,5.6,8065.696,3709.6,89.4,3.918944099378882,
1996-06-01,156.7,128.0,5229.8,5.5,5.3,8098.552,3722.5,92.4,3.918944099378882,
1996-07-01,157.0,128.0,5251.9,5.5,5.5,8131.408,3737.1,94.7,3.918944099378882,
1996-08-01,157.2,128.3,5275.0,5.5,5.1,8174.19566666666,3744.0,95.3,3.918944099378882,
1996-09-01,157.7,128.2,5296.6,5.5,5.2,8216.98333333333,3753.4,94.7,3.918944099378882,
1996-10-01,158.2,128.0,5328.5,5.5,5.2,8259.771,3772.8,96.5,3.918944099378882,
1996-11-01,158.7,128.2,5351.2,5.5,5.4,8294.06566666666,3795.1,99.2,3.918944099378882,
1996-12-01,159.1,129.1,5378.6,5.5,5.4,8328.36033333333,3818.6,96.9,3.918944099378882,
1997-01-01,159.4,129.7,5411.1,5.5,5.3,8362.655,3834.6,97.4,3.918944099378882,
1997-02-01,159.7,128.5,5434.0,5.5,5.2,8414.71166666666,3846.3,99.7,3.918944099378882,
1997-03-01,159.8,127.3,5454.2,5.5,5.2,8466.76833333333,3861.2,100.0,4.9,
1997-04-01,159.9,127.0,5459.3,5.5,5.1,8518.825,3877.0,101.4,5.0,
1997-05-01,159.9,127.4,5460.2,5.5,4.9,8566.82433333333,3889.2,103.2,4.9,
1997-06-01,160.2,127.2,5494.2,5.5,5.0,8614.82366666666,3906.0,104.5,5.0,
1997-07-01,160.4,126.9,5548.8,5.5,4.9,8662.823,3923.9,107.1,5.1,
1997-08-01,160.8,127.2,5587.0,5.5,4.8,8697.18433333333,3957.4,104.4,5.2,
1997-09-01,161.2,127.5,5601.7,5.5,4.9,8731.54566666666,3973.1,106.0,5.1,
1997-10-01,161.5,127.8,5637.7,5.5,4.7,8765.907,3992.3,105.6,5.0,
1997-11-01,161.7,127.9,5661.1,5.5,4.6,8799.43133333333,4014.8,107.2,5.1,
1997-12-01,161.8,126.8,5692.1,5.5,4.7,8832.95566666666,4032.9,102.1,5.1,
1998-01-01,162.0,125.4,5689.9,5.5,4.6,8866.48,4056.2,106.6,5.1,
1998-02-01,162.0,125.0,5723.8,5.5,4.6,8900.88633333333,4088.9,110.4,5.0,
1998-03-01,162.0,124.7,5750.3,5.5,4.7,8935.29266666666,4114.3,106.5,4.9,
1998-04-01,162.2,124.9,5788.1,5.5,4.3,8969.699,4140.2,108.7,5.2,
1998-05-01,162.6,125.1,5837.9,5.5,4.4,9020.165,4164.4,106.5,5.4,
1998-06-01,162.8,124.8,5871.7,5.5,4.5,9070.631,4184.1,105.6,5.8,
1998-07-01,163.2,124.9,5890.0,5.5,4.5,9121.097,4203.8,105.2,5.8,
1998-08-01,163.4,124.2,5925.0,5.5,4.5,9178.72833333333,4228.7,104.4,5.9,
1998-09-01,163.5,123.8,5965.6,5.5,4.6,9236.35966666666,4267.6,100.9,5.5,
1998-10-01,163.9,124.0,5998.8,5.5,4.5,9293.991,4307.7,97.4,5.4,
1998-11-01,164.1,123.6,6015.4,5.5,4.4,9333.22133333333,4346.4,102.7,5.4,
1998-12-01,164.4,122.8,6070.5,5.5,4.4,9372.45166666666,4375.2,100.5,5.5,
1999-01-01,164.7,122.9,6073.9,5.5,4.3,9411.682,4402.6,103.9,5.4,
1999-02-01,164.7,122.3,6099.2,5.5,4.4,9449.858,4425.3,108.1,5.4,
1999-03-01,164.8,122.6,6133.0,5.5,4.2,9488.034,4432.1,105.7,5.5,
1999-04-01,165.9,123.6,6199.5,5.5,4.3,9526.21,4460.7,104.6,5.6,
1999-05-01,166.0,124.7,6232.1,5.5,4.2,9579.68199999999,4485.3,106.8,5.6,
1999-06-01,166.0,125.2,6260.3,5.5,4.3,9633.154,4507.2,107.3,5.4,
1999-07-01,166.7,125.7,6287.6,5.5,4.3,9686.626,4534.5,106.0,5.5,
1999-08-01,167.1,126.9,6331.9,5.5,4.2,9757.807,4551.7,104.5,5.3,
1999-09-01,167.8,128.0,6386.5,5.5,4.2,9828.988,4567.7,107.2,5.3,
1999-10-01,168.1,127.7,6411.4,5.5,4.1,9900.169,4591.5,103.2,5.4,
1999-11-01,168.4,128.3,6448.7,5.5,4.1,9934.17233333333,4610.5,107.2,5.4,
1999-12-01,168.8,127.8,6541.0,5.5,4.0,9968.17566666666,4638.0,105.4,5.3,
2000-01-01,169.3,128.3,6542.9,5.5,4.0,10002.179,4666.2,112.0,5.1,
2000-02-01,170.0,129.8,6625.3,5.5,4.1,10084.026,4679.4,111.3,5.1,
2000-03-01,171.0,130.8,6686.5,5.5,4.0,10165.873,4710.2,107.1,5.0,
2000-04-01,170.9,130.7,6679.1,5.5,3.8,10247.72,4766.1,109.2,5.3,
2000-05-01,171.2,131.6,6709.7,5.5,4.0,10271.2016666666,4753.9,110.7,5.2,
2000-06-01,172.2,133.8,6746.9,5.5,4.0,10294.6833333333,4771.8,106.4,5.5,
2000-07-01,172.7,133.7,6768.5,5.5,4.0,10318.165,4789.4,108.3,5.5,
2000-08-01,172.7,132.9,6802.8,5.5,4.1,10357.358,4817.5,107.3,5.7,
2000-09-01,173.6,134.7,6888.6,5.5,3.9,10396.551,4853.2,106.8,5.7,
2000-10-01,173.9,135.4,6893.8,5.5,3.9,10435.744,4869.2,105.8,5.7,
2000-11-01,174.2,135.0,6909.8,5.5,3.9,10447.2396666666,4880.3,107.6,5.9,
2000-12-01,174.6,136.2,6952.2,5.5,3.9,10458.7353333333,4925.0,98.4,5.8,
2001-01-01,175.6,140.0,6987.4,5.5,4.2,10470.231,4975.7,94.7,5.6,
2001-02-01,176.0,137.4,7001.8,5.5,4.2,10513.154,5014.1,90.6,5.5,
2001-03-01,176.1,135.9,6996.7,5.5,4.3,10556.077,5072.0,91.5,5.5,
2001-04-01,176.4,136.4,7004.2,5.5,4.4,10599.0,5135.9,88.4,5.6,
2001-05-01,177.3,136.8,7052.8,5.5,4.3,10598.6733333333,5133.0,92.0,5.4,
2001-06-01,177.7,135.5,7069.7,5.5,4.5,10598.3466666666,5173.5,92.6,5.5,
2001-07-01,177.4,133.4,7082.3,5.5,4.6,10598.02,5203.4,92.4,5.5,
2001-08-01,177.4,133.4,7121.7,5.5,4.9,10618.835,5237.2,91.5,5.5,
2001-09-01,178.1,133.3,7007.0,5.5,5.0,10639.65,5348.4,81.8,5.3,
2001-10-01,177.6,130.3,7212.9,5.5,5.3,10660.465,5337.1,82.7,5.1,
2001-11-01,177.5,129.8,7182.3,5.5,5.5,10701.4766666666,5380.8,83.9,5.0,
2001-12-01,177.4,128.1,7166.7,5.5,5.7,10742.4883333333,5433.8,88.8,4.9,
2002-01-01,177.7,128.5,7184.6,5.5,5.7,10783.5,5454.1,93.0,4.9,
2002-02-01,178.0,128.4,7225.2,5.5,5.7,10818.1533333333,5483.4,90.7,4.7,
2002-03-01,178.5,129.8,7243.4,5.5,5.7,10852.8066666666,5495.2,95.7,4.5,
2002-04-01,179.3,130.8,7312.5,5.5,5.9,10887.46,5495.4,93.0,4.3,
2002-05-01,179.5,130.8,7288.9,5.5,5.8,10919.6533333333,5521.5,96.9,4.4,
2002-06-01,179.6,130.9,7322.5,5.5,5.8,10951.8466666666,5546.5,92.4,4.5,
2002-07-01,180.0,131.2,7387.3,5.5,5.8,10984.04,5589.1,88.1,4.3,
2002-08-01,180.5,131.5,7412.6,5.5,5.7,11009.8376666666,5631.6,87.6,4.3,
2002-09-01,180.8,132.3,7391.5,5.5,5.7,11035.6353333333,5656.0,86.1,4.1,
2002-10-01,181.2,133.2,7435.2,5.5,5.7,11061.433,5700.4,80.6,4.0,
2002-11-01,181.5,133.1,7463.8,5.5,5.9,11098.9983333333,5750.6,84.2,3.5,
2002-12-01,181.8,132.9,7519.9,5.5,6.0,11136.5636666666,5772.0,86.7,3.5,
2003-01-01,182.6,135.3,7541.3,1.24,5.8,11174.129,5804.6,82.4,3.7,1.76
2003-02-01,183.6,137.6,7548.6,1.26,5.9,11220.3413333333,5840.7,79.9,3.9,1.91
2003-03-01,183.9,141.2,7611.5,1.25,5.9,11266.5536666666,5861.4,77.6,3.8,1.87
2003-04-01,183.2,136.8,7634.5,1.26,6.0,11312.766,5898.8,86.0,3.7,1.78
2003-05-01,182.9,136.7,7650.3,1.26,6.1,11397.4003333333,5959.3,92.1,3.7,1.66
2003-06-01,183.1,138.0,7699.6,1.22,6.3,11482.0346666666,5996.0,89.7,3.8,1.61
2003-07-01,183.7,137.7,7757.0,1.01,6.2,11566.669,6042.7,90.9,3.7,1.87
2003-08-01,184.5,138.0,7852.1,1.03,6.1,11635.1906666666,6100.8,89.3,3.6,2.13
2003-09-01,185.1,138.5,7853.7,1.01,6.1,11703.7123333333,6072.8,87.7,3.5,2.08
2003-10-01,184.9,139.3,7867.4,1.01,6.0,11772.234,6063.6,89.6,3.5,2.21
2003-11-01,185.0,138.9,7922.6,1.0,5.8,11822.6383333333,6069.1,93.7,3.3,2.34
2003-12-01,185.5,139.5,7950.4,0.98,5.7,11873.0426666666,6067.3,92.6,3.3,2.29
2004-01-01,186.3,141.4,8007.1,1.0,5.7,11923.447,6075.5,103.8,3.3,2.26
2004-02-01,186.7,142.1,8040.4,1.01,5.6,11986.5696666666,6114.3,94.4,3.5,2.32
2004-03-01,187.1,143.1,8098.8,1.0,5.8,12049.6923333333,6150.1,95.8,3.4,2.36
2004-04-01,187.4,144.8,8107.2,1.0,5.6,12112.815,6191.2,94.2,3.3,2.45
2004-05-01,188.2,146.8,8176.5,1.0,5.6,12176.979,6268.1,90.2,3.3,2.63
2004-06-01,188.9,147.2,8157.6,1.03,5.6,12241.143,6270.5,95.6,3.3,2.58
2004-07-01,189.1,147.4,8236.9,1.26,5.5,12305.307,6284.3,96.7,3.5,2.48
2004-08-01,189.2,148.0,8271.6,1.43,5.4,12379.276,6310.6,95.9,3.5,2.42
2004-09-01,189.8,147.7,8341.5,1.61,5.4,12453.245,6345.3,94.2,3.8,2.33
2004-10-01,190.8,150.0,8397.1,1.76,5.5,12527.214,6373.3,91.7,3.7,2.37
2004-11-01,191.7,151.4,8444.5,1.93,5.4,12607.238,6399.8,92.8,3.7,2.51
2004-12-01,191.7,150.2,8504.4,2.16,5.4,12687.262,6418.3,97.1,3.3,2.56
2005-01-01,191.6,150.9,8497.7,2.28,5.3,12767.286,6424.5,95.5,3.5,2.5
2005-02-01,192.4,151.6,8559.1,2.5,5.4,12819.076,6432.8,94.1,3.4,2.54
2005-03-01,193.1,153.7,8598.4,2.63,5.2,12870.866,6441.9,92.6,3.6,2.71
2005-04-01,193.7,155.0,8678.4,2.79,5.2,12922.656,6455.9,87.7,3.5,2.63
2005-05-01,193.6,154.3,8671.6,3.0,5.1,12995.9846666666,6473.3,86.9,3.6,2.49
2005-06-01,193.7,154.3,8753.4,3.04,5.0,13069.3133333333,6505.8,96.0,3.7,2.33
2005-07-01,194.9,156.3,8853.8,3.26,5.0,13142.642,6537.4,96.5,3.9,2.3
2005-08-01,196.1,157.6,8850.1,3.5,4.9,13203.1626666666,6570.2,89.1,4.0,2.37
2005-09-01,198.8,162.2,8900.4,3.62,5.0,13263.6833333333,6604.3,76.9,3.9,2.5
2005-10-01,199.1,166.2,8938.5,3.78,5.0,13324.204,6638.6,74.2,4.0,2.52
2005-11-01,198.1,163.7,8946.2,4.0,5.0,13415.856,6655.0,81.6,4.2,2.48
2005-12-01,198.1,163.0,8981.1,4.16,4.9,13507.508,6681.9,91.5,4.3,2.35
2006-01-01,199.3,164.3,9071.6,4.29,4.7,13599.16,6724.3,91.2,4.2,2.41
2006-02-01,199.4,161.8,9096.0,4.49,4.8,13650.5813333333,6748.6,86.7,3.9,2.52
2006-03-01,199.7,162.2,9132.9,4.59,4.7,13702.0026666666,6762.9,88.9,4.0,2.52
2006-04-01,200.7,164.3,9191.6,4.79,4.7,13753.424,6800.1,87.4,3.9,2.58
2006-05-01,201.3,165.8,9231.8,4.94,4.6,13792.3453333333,6806.9,79.1,3.9,2.66
2006-06-01,201.8,166.1,9259.6,4.99,4.6,13831.2666666666,6844.9,84.9,3.8,2.58
2006-07-01,202.9,166.8,9343.8,5.24,4.7,13870.188,6886.3,84.7,3.8,2.58
2006-08-01,203.8,167.9,9342.2,5.25,4.7,13926.6453333333,6917.1,82.0,4.0,2.59
2006-09-01,202.8,165.4,9375.4,5.25,4.5,13983.1026666666,6944.2,85.4,4.0,2.4
2006-10-01,201.9,162.2,9393.6,5.25,4.4,14039.56,6993.3,93.6,4.0,2.32
2006-11-01,202.0,164.6,9400.2,5.25,4.5,14098.257,7028.4,92.1,4.2,2.31
2006-12-01,203.1,165.6,9488.3,5.24,4.4,14156.954,7071.6,91.7,4.2,2.31
2007-01-01,203.437,164.0,9538.7,5.25,4.6,14215.651,7109.6,96.9,4.4,2.32
2007-02-01,204.226,166.8,9566.0,5.26,4.5,14277.7946666666,7125.3,91.3,4.2,2.36
2007-03-01,205.288,169.3,9611.7,5.26,4.4,14339.9383333333,7159.1,88.4,4.5,2.38
2007-04-01,205.904,171.4,9643.6,5.25,4.5,14402.082,7231.3,87.1,4.4,2.43
2007-05-01,206.755,173.3,9685.8,5.25,4.4,14456.0936666666,7245.4,88.3,4.4,2.38
2007-06-01,207.234,173.8,9706.8,5.25,4.6,14510.1053333333,7278.6,85.3,4.1,2.41
2007-07-01,207.603,175.1,9751.1,5.26,4.7,14564.117,7309.0,90.4,4.4,2.36
2007-08-01,207.667,172.4,9798.9,5.02,4.6,14614.4306666666,7385.1,83.4,4.6,2.23
2007-09-01,208.547,173.5,9845.1,4.94,4.7,14664.7443333333,7403.2,83.4,4.8,2.26
2007-10-01,209.19,174.7,9882.7,4.76,4.7,14715.058,7417.2,80.9,4.6,2.33
2007-11-01,210.834,179.0,9955.9,4.49,4.7,14712.218,7441.8,76.1,4.6,2.38
2007-12-01,211.445,178.6,9972.8,4.24,5.0,14709.378,7471.6,75.5,4.4,2.31
2008-01-01,212.174,181.0,9996.4,3.94,5.0,14706.538,7505.5,78.4,4.2,2.27
2008-02-01,212.687,182.7,9981.7,2.98,4.9,14759.5923333333,7590.6,70.8,4.1,2.33
2008-03-01,213.448,187.9,10035.3,2.61,5.1,14812.6466666666,7656.2,69.5,4.1,2.42
2008-04-01,213.942,190.9,10070.3,2.28,5.0,14865.701,7699.2,62.6,4.3,2.32
2008-05-01,215.208,196.6,10132.3,1.98,5.4,14876.8003333333,7711.2,59.8,4.4,2.42
2008-06-01,217.463,200.5,10187.1,2.0,5.6,14887.8996666666,7728.9,56.4,4.4,2.47
2008-07-01,219.016,205.5,10185.1,2.01,5.8,14898.999,7775.4,61.2,4.3,2.44
2008-08-01,218.69,199.0,10175.7,2.0,6.1,14802.069,7790.2,63.0,4.1,2.21
2008-09-01,218.877,196.9,10116.4,1.81,6.1,14705.139,7859.5,70.3,4.0,1.84
2008-10-01,216.995,186.4,10034.1,0.97,6.5,14608.209,7965.3,57.6,3.9,1.06
2008-11-01,213.153,176.8,9885.2,0.39,6.8,14549.1066666666,8015.8,55.3,3.8,0.64
2008-12-01,211.398,170.9,9801.5,0.16,7.3,14490.0043333333,8192.1,60.1,3.7,0.25
2009-01-01,211.933,171.2,9847.2,0.15,7.8,14430.902,8273.7,61.2,3.5,0.61
2009-02-01,212.705,169.3,9824.5,0.22,8.3,14414.3466666666,8303.1,56.3,3.3,1.12
2009-03-01,212.495,168.1,9773.2,0.18,8.7,14397.7913333333,8369.3,57.3,3.2,1.11
2009-04-01,212.709,169.1,9772.5,0.15,9.0,14381.236,8372.9,65.1,3.1,1.36
2009-05-01,213.022,170.8,9791.6,0.18,9.4,14403.7846666666,8430.7,68.7,3.2,1.57
2009-06-01,214.79,174.1,9852.4,0.21,9.5,14426.3333333333,8440.5,70.8,3.0,1.86
2009-07-01,214.726,172.5,9886.3,0.16,9.5,14448.882,8445.1,66.0,2.9,1.74
2009-08-01,215.445,175.0,10004.1,0.16,9.6,14516.3376666666,8445.0,65.7,2.2,1.82
2009-09-01,215.861,174.1,9927.8,0.15,9.8,14583.7933333333,8444.2,73.5,2.2,1.76
2009-10-01,216.509,175.2,9976.7,0.12,10.0,14651.249,8471.1,70.6,2.1,1.91
2009-11-01,217.234,177.4,9985.7,0.12,9.9,14689.036,8500.8,67.4,2.4,2.12
2009-12-01,217.347,178.1,10052.6,0.12,9.9,14726.823,8496.0,72.5,1.9,2.23
2010-01-01,217.488,181.9,10056.1,0.11,9.8,14764.61,8458.1,74.4,1.6,2.36
2010-02-01,217.281,181.0,10093.4,0.13,9.8,14836.471,8507.4,73.6,1.7,2.27
2010-03-01,217.353,183.3,10156.0,0.16,9.9,14908.332,8504.5,73.6,2.0,2.22
2010-04-01,217.403,184.4,10182.3,0.2,9.9,14980.193,8535.2,72.2,2.0,2.35
2010-05-01,217.29,184.8,10210.8,0.2,9.6,15033.9976666666,8589.9,73.6,1.6,2.11
2010-06-01,217.199,183.5,10231.3,0.18,9.4,15087.8023333333,8609.0,76.0,1.7,1.94
2010-07-01,217.605,184.1,10268.1,0.18,9.4,15141.607,8618.8,67.8,1.8,1.77
2010-08-01,217.923,184.9,10307.1,0.19,9.5,15197.5626666666,8669.1,68.9,2.1,1.68
2010-09-01,218.275,184.9,10327.1,0.19,9.5,15253.5183333333,8700.1,68.2,1.9,1.74
2010-10-01,219.035,186.6,10386.4,0.19,9.4,15309.474,8749.4,67.7,1.7,2.01
2010-11-01,219.59,187.7,10433.6,0.19,9.8,15323.4653333333,8770.0,71.6,1.6,2.09
2010-12-01,220.472,189.7,10471.0,0.18,9.3,15337.4566666666,8801.8,74.5,1.6,2.25
2011-01-01,221.187,192.7,10514.3,0.17,9.1,15351.448,8823.1,74.2,1.8,2.33
2011-02-01,221.898,195.8,10540.6,0.16,9.0,15420.145,8886.9,77.5,1.8,2.34
2011-03-01,223.046,199.2,10619.7,0.14,9.0,15488.842,8943.5,67.5,1.9,2.45
2011-04-01,224.093,203.1,10652.1,0.1,9.1,15557.539,9004.9,69.8,1.9,2.6
2011-05-01,224.806,204.1,10672.2,0.09,9.0,15587.586,9075.5,74.3,1.9,2.39
2011-06-01,224.806,203.9,10694.8,0.09,9.1,15617.633,9151.0,71.5,1.9,2.24
2011-07-01,225.395,204.6,10731.6,0.07,9.0,15647.68,9316.6,63.7,1.9,2.38
2011-08-01,226.106,203.2,10750.3,0.1,9.0,15712.5396666666,9507.6,55.8,1.9,2.16
2011-09-01,226.597,203.7,10783.2,0.08,9.0,15777.3993333333,9528.3,59.5,1.9,1.9
2011-10-01,226.75,201.1,10802.9,0.07,8.8,15842.259,9562.1,60.8,2.0,1.96
2011-11-01,227.169,201.4,10806.8,0.08,8.6,15917.7743333333,9612.6,63.7,2.1,2.01
2011-12-01,227.223,199.8,10817.8,0.07,8.5,15993.2896666666,9660.1,69.9,2.1,2.01
2012-01-01,227.842,200.7,10896.8,0.08,8.3,16068.805,9733.3,75.0,2.1,2.08
2012-02-01,228.329,201.6,10987.2,0.1,8.3,16114.9083333333,9785.7,75.3,2.0,2.22
2012-03-01,228.807,204.2,10993.9,0.13,8.2,16161.0116666666,9830.6,76.2,2.1,2.31
2012-04-01,229.187,203.7,11018.5,0.14,8.2,16207.115,9884.6,76.4,2.1,2.26
2012-05-01,228.713,201.9,11006.8,0.16,8.2,16244.5903333333,9928.4,79.3,2.0,2.14
2012-06-01,228.524,199.8,10989.8,0.16,8.2,16282.0656666666,9999.3,73.2,2.2,2.12
2012-07-01,228.59,200.1,11016.8,0.16,8.2,16319.541,10051.8,72.3,2.2,2.13
2012-08-01,229.918,202.7,11056.0,0.13,8.1,16353.167,10121.3,74.3,2.0,2.27
2012-09-01,231.015,204.4,11105.3,0.14,7.8,16386.793,10200.8,78.3,2.0,2.43
2012-10-01,231.638,203.5,11137.4,0.16,7.8,16420.419,10267.3,82.6,2.1,2.5
2012-11-01,231.249,201.8,11178.4,0.16,7.7,16496.3423333333,10337.6,82.7,2.4,2.42
2012-12-01,231.221,201.5,11181.2,0.16,7.9,16572.2656666666,10459.7,72.9,2.4,2.48
2013-01-01,231.679,202.5,11252.4,0.14,8.0,16648.189,10482.9,73.8,2.2,2.52
2013-02-01,232.937,204.3,11290.5,0.15,7.7,16675.0216666666,10501.3,77.6,2.2,2.55
2013-03-01,232.282,204.0,11290.1,0.14,7.5,16701.8543333333,10558.3,78.6,2.3,2.55
2013-04-01,231.797,203.5,11281.1,0.15,7.6,16728.687,10586.3,76.4,2.3,2.41
2013-05-01,231.893,204.1,11321.6,0.11,7.5,16803.7373333333,10621.0,84.5,2.1,2.29
2013-06-01,232.445,204.3,11344.4,0.09,7.5,16878.7876666666,10678.7,84.1,2.0,2.05
2013-07-01,232.9,204.4,11372.6,0.09,7.3,16953.838,10718.4,85.1,2.2,2.12
2013-08-01,233.456,204.2,11406.6,0.08,7.2,17033.2316666666,10776.6,82.1,2.3,2.19
2013-09-01,233.544,203.9,11445.9,0.08,7.2,17112.6253333333,10837.2,77.5,2.3,2.15
2013-10-01,233.669,202.5,11498.0,0.09,7.2,17192.019,10961.6,73.2,2.2,2.19
2013-11-01,234.1,201.2,11562.5,0.08,6.9,17193.9253333333,10969.7,75.1,2.1,2.17
2013-12-01,234.719,202.0,11593.2,0.09,6.7,17195.8316666666,11035.0,82.5,2.2,2.16
2014-01-01,235.288,203.8,11578.8,0.07,6.6,17197.738,11080.8,81.2,2.4,2.23
2014-02-01,235.547,205.7,11636.9,0.07,6.7,17304.6613333333,11178.8,81.6,2.5,2.16
2014-03-01,236.028,207.0,11722.3,0.08,6.7,17411.5846666666,11208.1,80.0,2.5,2.16
2014-04-01,236.468,208.3,11762.3,0.09,6.2,17518.508,11257.7,84.1,2.3,2.17
2014-05-01,236.918,208.0,11807.3,0.09,6.3,17613.748,11321.0,81.9,2.4,2.19
2014-06-01,237.231,208.3,11861.7,0.1,6.1,17708.988,11374.9,82.5,2.2,2.23
2014-07-01,237.498,208.0,11904.4,0.09,6.2,17804.228,11429.9,81.8,2.2,2.26
2014-08-01,237.46,207.0,11983.7,0.09,6.1,17840.1783333333,11458.9,82.5,2.2,2.2
2014-09-01,237.477,206.4,11991.4,0.09,5.9,17876.1286666666,11499.8,84.6,2.6,2.07
2014-10-01,237.43,203.4,12064.7,0.09,5.7,17912.079,11566.0,86.9,3.0,1.92
2014-11-01,236.983,200.9,12083.9,0.09,5.8,17962.5623333333,11604.8,88.8,3.2,1.88
2014-12-01,236.252,197.0,12096.1,0.12,5.6,18013.0456666666,11684.9,93.6,3.1,1.7
2015-01-01,234.747,192.0,12066.7,0.11,5.7,18063.529,11745.6,98.1,3.2,1.61
2015-02-01,235.342,191.1,12116.6,0.11,5.5,18135.6139999999,11879.0,95.4,3.3,1.72
2015-03-01,235.976,191.5,12176.1,0.11,5.4,18207.699,11886.8,93.0,3.4,1.76
2015-04-01,236.222,190.9,12209.1,0.12,5.4,18279.784,11928.9,95.9,3.5,1.86
2015-05-01,237.001,193.4,12275.4,0.12,5.6,18320.398,11957.9,90.7,3.4,1.87
2015-06-01,237.657,194.8,12307.9,0.13,5.3,18361.012,12001.7,96.1,3.3,1.86
2015-07-01,238.034,193.9,12364.9,0.13,5.2,18401.626,12051.3,93.1,3.1,1.82
2015-08-01,238.033,191.9,12396.2,0.14,5.1,18412.7963333333,12101.9,91.9,3.1,1.61
2015-09-01,237.498,189.1,12386.4,0.14,5.0,18423.9666666666,12160.8,87.2,2.9,1.52
2015-10-01,237.733,187.5,12394.9,0.12,5.0,18435.137,12195.9,90.0,2.7,1.5
2015-11-01,238.017,185.7,12423.2,0.12,5.1,18465.4023333333,12284.6,91.3,3.0,1.57
2015-12-01,237.761,183.5,12452.0,0.24,5.0,18495.6676666666,12346.8,92.6,3.0,1.51
2016-01-01,237.652,182.6,12478.0,0.34,4.8,18525.933,12469.9,92.0,3.4,1.42
2016-02-01,237.336,181.3,12554.5,0.38,4.9,18587.856,12556.7,91.7,3.6,1.31
2016-03-01,238.08,182.1,12537.0,0.36,5.0,18649.779,12616.7,91.0,3.7,1.55
2016-04-01,238.992,183.2,12611.5,0.37,5.1,18711.702,12700.4,89.0,3.7,1.62
2016-05-01,239.557,185.3,12652.7,0.37,4.8,18772.0143333333,12766.2,94.7,3.7,1.6
2016-06-01,240.222,187.6,12731.2,0.38,4.9,18832.3266666666,12829.4,93.5,3.9,1.47
2016-07-01,240.101,187.7,12756.7,0.39,4.8,18892.639,12887.7,90.0,3.8,1.46
2016-08-01,240.545,186.6,12788.1,0.4,4.9,18958.219,12972.8,89.8,3.6,1.47
2016-09-01,241.176,186.9,12846.6,0.4,5.0,19023.799,13033.6,91.2,3.8,1.51
2016-10-01,241.741,186.7,12867.0,0.4,4.9,19089.379,13100.5,87.2,4.1,1.66
2016-11-01,242.026,186.3,12893.0,0.41,4.7,19152.9473333333,13173.4,93.8,4.3,1.82
2016-12-01,242.637,188.2,13005.9,0.54,4.7,19216.5156666666,13213.4,98.2,3.9,1.93
2017-01-01,243.618,190.7,13063.7,0.65,4.7,19280.084,13283.4,98.5,3.6,2.01
2017-02-01,244.006,191.6,13088.4,0.66,4.6,19332.9369999999,13358.8,96.3,3.5,2.02
2017-03-01,243.892,191.5,13139.9,0.79,4.4,19385.79,13426.9,96.9,3.8,1.99
2017-04-01,244.193,193.0,13169.2,0.9,4.4,19438.643,13484.9,97.0,3.9,1.91
2017-05-01,244.004,192.8,13171.9,0.91,4.4,19523.2936666666,13538.1,97.1,3.8,1.83
2017-06-01,244.163,193.6,13225.2,1.04,4.3,19607.9443333333,13559.2,95.0,3.5,1.73
2017-07-01,244.243,193.5,13263.3,1.15,4.3,19692.595,13618.7,93.4,3.4,1.77
2017-08-01,245.183,193.8,13294.6,1.16,4.4,19807.426,13673.7,96.8,3.5,1.78
2017-09-01,246.435,194.8,13417.3,1.15,4.3,19922.257,13717.9,95.1,3.7,1.83
2017-10-01,246.626,194.9,13447.5,1.15,4.2,20037.088,13770.1,100.7,3.6,1.86
2017-11-01,247.284,195.9,13540.6,1.16,4.2,20134.243,13799.9,98.5,3.6,1.85
2017-12-01,247.805,196.3,13666.1,1.3,4.1,20231.398,13857.9,95.9,3.4,1.9
2018-01-01,248.859,197.9,13703.3,1.41,4.0,20328.553,13869.7,95.7,3.5,2.04
2018-02-01,249.529,199.3,13738.7,1.42,4.1,20412.6726666666,13912.3,99.7,3.3,2.1
2018-03-01,249.577,199.3,13793.2,1.51,4.0,20496.7923333333,13970.2,101.4,3.9,2.09
2018-04-01,250.227,200.3,13838.4,1.69,4.0,20580.912,13988.8,98.8,3.7,2.13
2018-05-01,250.792,203.2,13905.0,1.7,3.8,20653.518,14047.2,98.0,3.8,2.14
2018-06-01,251.018,204.2,13930.4,1.82,4.0,20726.124,14103.6,98.2,3.5,2.12
2018-07-01,251.214,204.3,13974.8,1.91,3.8,20798.73,14139.2,97.9,3.7,2.12
2018-08-01,251.663,203.4,14014.0,1.91,3.8,20838.4423333333,14181.3,96.2,3.6,2.1
2018-09-01,252.182,203.6,14017.8,1.95,3.7,20878.1546666666,14212.9,100.1,3.6,2.12
2018-10-01,252.772,204.6,14083.1,2.19,3.8,20917.867,14222.5,98.6,3.8,2.11
2018-11-01,252.594,202.3,14162.9,2.2,3.8,20979.9556666666,14236.8,97.5,4.0,2.01
2018-12-01,252.767,201.0,14051.6,2.27,3.9,21042.0443333333,14362.7,98.3,4.0,1.81
2019-01-01,252.561,199.1,14088.4,2.4,4.0,21104.133,14430.0,91.2,3.9,1.79
2019-02-01,253.319,199.2,14115.5,2.4,3.8,21197.6803333333,14469.9,93.8,3.7,1.88
2019-03-01,254.277,200.8,14240.1,2.41,3.8,21291.2276666666,14509.9,98.4,3.8,1.91
2019-04-01,255.233,202.1,14278.3,2.42,3.7,21384.775,14541.0,97.2,3.9,1.94
2019-05-01,255.296,201.7,14340.8,2.39,3.6,21487.944,14643.2,100.0,4.1,1.83
2019-06-01,255.213,200.3,14391.2,2.38,3.6,21591.113,14757.7,98.2,4.3,1.7
2019-07-01,255.802,200.7,14471.8,2.4,3.7,21694.282,14840.6,98.4,4.1,1.75
2019-08-01,256.036,199.2,14525.7,2.13,3.6,21763.6513333333,14914.6,89.8,3.8,1.59
2019-09-01,256.43,198.4,14555.6,2.04,3.5,21833.0206666666,15008.1,93.2,3.7,1.59
2019-10-01,257.155,198.6,14584.0,1.83,3.6,21902.39,15140.8,95.5,3.7,1.56
2019-11-01,257.879,199.0,14678.6,1.55,3.6,21837.0976666666,15242.2,96.8,4.3,1.64
2019-12-01,258.63,199.0,14741.3,1.55,3.6,21771.8053333333,15320.7,99.3,4.1,1.72
2020-01-01,258.906,199.3,14815.7,1.55,3.6,21706.513,15396.0,99.8,4.3,1.72
2020-02-01,259.246,196.7,14810.7,1.58,3.5,21108.7229999999,15450.3,101.0,3.9,1.62
2020-03-01,258.15,193.1,13793.0,0.65,4.4,20510.933,15978.7,89.1,3.6,0.99
2020-04-01,256.126,185.5,12228.3,0.05,14.8,19913.143,16997.6,71.8,3.3,1.1
2020-05-01,255.848,188.6,13251.4,0.05,13.2,20491.3086666666,17851.1,72.3,3.6,1.12
2020-06-01,257.004,191.2,14027.1,0.08,11.0,21069.4743333333,18131.7,78.1,3.9,1.27
2020-07-01,258.408,193.0,14285.1,0.09,10.2,21647.64,18286.3,72.5,3.9,1.46
2020-08-01,259.366,194.3,14428.4,0.1,8.4,21773.2606666666,18346.0,74.1,3.4,1.66
2020-09-01,259.951,195.5,14655.0,0.09,7.8,21898.8813333333,18577.3,80.4,3.3,1.66
2020-10-01,260.249,196.5,14702.5,0.09,6.8,22024.502,18729.1,81.8,3.6,1.7
2020-11-01,260.895,198.3,14675.8,0.09,6.7,22216.3963333333,18949.3,76.9,3.9,1.71
2020-12-01,262.005,200.5,14801.8,0.09,6.7,22408.2906666666,19114.6,80.7,3.7,1.92
2021-01-01,262.518,204.8,15047.3,0.09,6.4,22600.185,19357.4,79.0,3.6,2.08
2021-02-01,263.583,210.6,14948.2,0.08,6.2,22830.9106666666,19600.6,76.8,3.6,2.18
2021-03-01,264.91,215.0,15657.6,0.07,6.1,23061.6363333333,19840.8,84.9,3.7,2.28
2021-04-01,266.752,217.9,15854.1,0.07,6.1,23292.362,20116.7,88.3,3.4,2.35
2021-05-01,268.452,224.9,15890.0,0.06,5.8,23471.2323333333,20430.8,82.9,3.3,2.47
2021-06-01,270.664,228.9,16108.5,0.08,5.9,23650.1026666666,20506.3,85.5,3.4,2.34
2021-07-01,271.994,231.85,16150.8,0.1,5.4,23828.973,20662.5,81.2,4.2,2.33
2021-08-01,272.789,233.415,16305.6,0.09,5.1,24104.183,20847.1,70.3,4.4,2.35
2021-09-01,273.887,235.678,16398.9,0.08,4.7,24379.393,20963.4,72.8,4.7,2.34
2021-10-01,276.434,240.465,16613.8,0.08,4.5,24654.603,21114.3,71.7,4.4,2.53
2021-11-01,278.799,243.287,16741.6,0.08,4.1,24779.4406666666,21313.7,67.4,4.6,2.62
2021-12-01,280.808,241.338,16799.2,0.08,3.9,24904.2783333333,21546.6,70.6,5.0,2.46
2022-01-01,282.39,246.453,16888.6,0.08,4.0,25029.116,21559.0,67.2,5.8,2.45
2022-02-01,284.535,252.66,16999.7,0.08,3.8,25200.835,21566.8,62.8,6.5,2.46
2022-03-01,287.553,260.014,17203.6,0.2,3.6,25372.554,21693.2,59.4,6.6,2.85
2022-04-01,288.764,265.31,17310.5,0.33,3.7,25544.273,21671.7,65.2,6.6,2.88
2022-05-01,291.359,273.251,17384.8,0.77,3.6,25694.395,21659.1,58.4,6.6,2.69
2022-06-01,294.996,280.251,17550.0,1.21,3.6,25844.517,21658.8,50.0,7.1,2.62
2022-07-01,294.977,272.274,17556.4,1.68,3.5,25994.639,21695.4,51.5,7.0,2.36
2022-08-01,295.209,269.546,17692.2,2.33,3.6,26132.5609999999,21650.6,58.2,6.9,2.51
2022-09-01,296.341,267.898,17804.0,2.56,3.5,26270.483,21515.7,58.6,6.7,2.38
2022-10-01,297.863,265.061,17915.1,3.08,3.6,26408.405,21422.9,59.9,6.7,2.39
2022-11-01,298.648,263.157,17892.5,3.78,3.6,26543.4703333333,21388.1,56.7,6.5,2.37
2022-12-01,298.812,257.897,17943.6,4.1,3.5,26678.5356666666,21346.3,59.8,6.1,2.26
2023-01-01,300.356,260.227,18229.6,4.33,3.4,26813.601,21209.0,64.9,5.9,2.24
2023-02-01,301.509,258.669,18296.5,4.57,3.6,26896.7379999999,21086.1,66.9,6.1,2.33
2023-03-01,301.744,257.062,18282.6,4.65,3.5,26979.875,20861.3,62.0,6.5,2.3
2023-04-01,303.032,256.908,18363.8,4.83,3.4,27063.012,20689.3,63.7,6.4,2.27
2023-05-01,303.365,253.67,18407.8,5.06,3.7,27245.384,20803.2,59.0,6.4,2.21
2023-06-01,304.003,253.86,18485.4,5.08,3.6,27427.756,20835.7,64.2,6.0,2.2
2023-07-01,304.628,253.835,18595.4,5.12,3.5,27610.128,20841.8,71.5,5.7,2.3
2023-08-01,306.187,257.68,18651.6,5.33,3.8,27721.6276666666,20798.4,69.4,5.2,2.34
2023-09-01,307.288,258.934,18791.5,5.33,3.8,27833.1273333333,20723.7,67.9,5.2,2.34
2023-10-01,307.531,255.121,18794.7,5.33,3.8,27944.627,20690.5,63.8,5.2,2.39
2023-11-01,308.024,253.063,18867.8,5.33,3.7,28091.563,20730.0,61.3,5.2,2.3
2023-12-01,308.742,249.767,19001.7,5.33,3.7,28238.499,20827.2,69.7,5.2,2.18
